{
    "defaultLevel": {
        "experience": 0,
        "level": 0
    },
    "defaultHealth": 104.4350814819336,
    "defaultAttackPower": 18.135927200317384,
    "characterName": "Hero Character 8",
    "startingHealth": 0.0,
    "currentHealth": 104.4350814819336,
    "currentAttackPower": 18.135927200317384,
    "currentLevel": {
        "experience": 0,
        "level": 0
    }
}