{
    "defaultLevel": {
        "experience": 0,
        "level": 0
    },
    "defaultHealth": 93.61972045898438,
    "defaultAttackPower": 24.393930435180665,
    "characterName": "Hero Character 6",
    "startingHealth": 0.0,
    "currentHealth": 93.61972045898438,
    "currentAttackPower": 24.393930435180665,
    "currentLevel": {
        "experience": 0,
        "level": 0
    }
}