{
    "defaultLevel": {
        "experience": 0,
        "level": 0
    },
    "defaultHealth": 98.19898986816406,
    "defaultAttackPower": 15.743410110473633,
    "characterName": "Hero Character 5",
    "startingHealth": 0.0,
    "currentHealth": 98.19898986816406,
    "currentAttackPower": 15.743410110473633,
    "currentLevel": {
        "experience": 0,
        "level": 0
    }
}